Symbol,Name,Last,Change,%Chg,High,Low,Volume,Time
A,"Agilent Technologies",118.83,2.95,+2.55%,118.88,116,969400,2022-07-15
AAL,"American Airlines Gp",14.47,0.22,+1.54%,14.56,14.05,30181900,2022-07-15
AAP,"Advance Auto Parts Inc",188.71,2.7,+1.45%,190,186.27,668500,2022-07-15
AAPL,"Apple Inc",150.17,1.7,+1.15%,150.86,148.2,76259898,2022-07-15
ABBV,"Abbvie Inc",153.62,3.18,+2.11%,153.87,151.43,4872900,2022-07-15
ABC,"Amerisourcebergen Corp",142.22,2.69,+1.93%,142.28,139.89,977100,2022-07-15
ABMD,"Abiomed Inc",268.23,9.35,+3.61%,268.35,260.23,255200,2022-07-15
ABT,"Abbott Laboratories",108.82,3.11,+2.94%,108.98,107.26,4617800,2022-07-15
ACN,"Accenture Plc",271.52,2.85,+1.06%,272.85,266.86,1741100,2022-07-15
ADBE,"Adobe Systems Inc",379.86,6.9,+1.85%,384.47,376.86,2488200,2022-07-15
ADI,"Analog Devices",157.97,4.66,+3.04%,158.28,153.33,3736600,2022-07-15
ADM,"Archer Daniels Midland",72,0.3,+0.42%,72.58,71.15,2048700,2022-07-15
ADP,"Automatic Data Procs",214.13,2.93,+1.39%,215.03,212.98,1139500,2022-07-15
ADSK,"Autodesk Inc",176.21,5.25,+3.07%,177.11,172.6,1443700,2022-07-15
AEE,"Ameren Corp",87.75,0.7,+0.80%,87.88,86.36,861100,2022-07-15
AEP,"American Electric Power Company",95.22,0.95,+1.01%,95.27,93.37,2376800,2022-07-15
AES,"The Aes Corp",20.35,-0.17,-0.83%,20.49,18.9,6335400,2022-07-15
AFL,"Aflac Inc",54.31,0.86,+1.61%,54.58,53.75,2038400,2022-07-15
AIG,"American International Group",50.08,1.66,+3.43%,50.53,48.75,4393200,2022-07-15
AIZ,"Assurant Inc",166.88,-0.61000000000001,-0.36%,169.43,166.45,338800,2022-07-15
AJG,"Arthur J. Gallagher & Company",165.75,3.01,+1.85%,166.3,164.72,689400,2022-07-15
AKAM,"Akamai Technologies",88.41,1.58,+1.82%,88.44,87.37,1140700,2022-07-15
ALB,"Albemarle Corp",200.7,4.04,+2.05%,201.51,195.33,912500,2022-07-15
ALGN,"Align Technology",254.88,7.7,+3.12%,256.09,247.27,449700,2022-07-15
ALK,"Alaska Air Group",41.31,0.52,+1.27%,41.68,40.47,1286400,2022-07-15
ALL,"Allstate Corp",122.4,1.48,+1.22%,123.37,121.77,4448600,2022-07-15
ALLE,"Allegion Plc",97.01,1.41,+1.47%,97.64,96.07,388300,2022-07-15
AMAT,"Applied Materials",94.47,2.8,+3.05%,94.59,90.21,8051200,2022-07-15
AMCR,"Amcor Plc",12.48,0.09,+0.73%,12.59,12.37,6667200,2022-07-15
AMD,"Adv Micro Devices",81.11,2.51,+3.19%,81.2,77.9,76050492,2022-07-15
AME,"Ametek Inc",111.7,1.97,+1.80%,111.75,110,838800,2022-07-15
AMGN,"Amgen Inc",248.69,3.1,+1.26%,249.13,245.44,2805400,2022-07-15
AMP,"Ameriprise Financial Services",230.33,7.21,+3.23%,231.45,222.43,586000,2022-07-15
AMT,"American Tower Corp",257.2,0.69,+0.27%,260.79,255.33,1181100,2022-07-15
AMZN,"Amazon.com Inc",113.55,2.92,+2.64%,115.59,111.59,84317797,2022-07-15
ANET,"Arista Networks Inc",101.67,2.57,+2.59%,101.77,98.75,1258700,2022-07-15
ANSS,"Ansys Inc",240.79,6.39,+2.73%,241.7,237.04,459600,2022-07-15
AON,"AON Plc",271.6,3.01,+1.12%,275.12,271.01,2291700,2022-07-15
AOS,"Smith A.O. Corp",56.65,2.52,+4.66%,56.93,55.3,1185200,2022-07-15
APA,"Apa Corp",31.99,0.41,+1.30%,32.54,31.42,6938300,2022-07-15
APD,"Air Products and Chemicals",225.2,3.22,+1.45%,226.44,223.85,1444800,2022-07-15
APH,"Amphenol Corp",66.12,1.38,+2.13%,66.17,65.17,1582200,2022-07-15
APTV,"Aptiv Plc",91.47,3.89,+4.44%,91.92,88.47,1827100,2022-07-15
ARE,"Alexandria Real Estate Equities",142.81,5.4,+3.93%,142.86,139.06,844000,2022-07-15
ATO,"Atmos Energy Corp",111.9,0.98,+0.88%,112.29,110.49,1145500,2022-07-15
ATVI,"Activision Blizzard",77.39,1.15,+1.51%,77.41,76.23,5725300,2022-07-15
AVB,"Avalonbay Communities",192.79,3.65,+1.93%,193.65,190.3,563400,2022-07-15
AVGO,"Broadcom Ltd",494.46,9.82,+2.03%,494.74,486.13,1871300,2022-07-15
AVY,"Avery Dennison Corp",167.01,2.98,+1.82%,168.74,165.02,383100,2022-07-15
AWK,"American Water Works",148.57,2.03,+1.39%,148.93,145.35,766700,2022-07-15
AXP,"American Express Company",142.48,6,+4.40%,143.11,138.87,3296700,2022-07-15
AZO,Autozone,2215.03,39.69,+1.82%,2218.85,2169.87,152000,2022-07-15
BA,"Boeing Company",147.74,0.59,+0.40%,149.74,144.65,7910400,2022-07-15
BAC,"Bank of America Corp",32.25,2.12,+7.04%,32.63,30.61,77801602,2022-07-15
BALL,"Ball Corporation",66.48,-0.17,-0.26%,68.02,65.99,1828300,2022-07-15
BAX,"Baxter International Inc",64.91,1.49,+2.35%,65.18,64.03,1855100,2022-07-15
BBWI,"Bath & Body Works Inc",27.51,1.55,+5.97%,27.68,26.25,4123600,2022-07-15
BBY,"Best Buy Company",72.47,1.33,+1.87%,72.57,71.13,2477100,2022-07-15
BDX,"Becton Dickinson and Company",239.24,5.08,+2.17%,240.07,235.62,775100,2022-07-15
BEN,"Franklin Resources",24.62,0.31,+1.28%,24.9,24.16,2777200,2022-07-15
BF.B,"Brown Forman Inc Cl B",71.3,-0.26,-0.36%,72.02,71.17,951700,2022-07-15
BIIB,"Biogen Inc",217.01,2.74,+1.28%,217.36,213.75,732000,2022-07-15
BIO,"Bio-Rad Laboratories",494.04,6.09,+1.25%,496.9,483.4,166600,2022-07-15
BK,"Bank of New York Mellon Corp",43.41,2.97,+7.34%,43.75,41.19,4984900,2022-07-15
BKNG,"Booking Holdings Inc",1698.59,24.68,+1.47%,1723.31,1680.43,480900,2022-07-15
BKR,"Baker Hughes A Ge Co. Cl A",26.68,0.34,+1.29%,26.88,26.02,7010400,2022-07-15
BLK,"Blackrock Inc",600.37,11.74,+1.99%,603.8,585.51,1052900,2022-07-15
BMY,"Bristol-Myers Squibb Company",75.65,1.64,+2.22%,75.67,74.29,10933899,2022-07-15
BR,"Broadridge Financial Solutions Llc",149.32,2.53,+1.72%,149.88,147.67,465800,2022-07-15
BRK.B,"Berkshire Hathaway Cl B",278.48,4.07,+1.48%,280,276.06,4548500,2022-07-15
BRO,"Brown & Brown",59.31,1.01,+1.73%,59.65,58.99,1065300,2022-07-15
BSX,"Boston Scientific Corp",37.55,0.84,+2.29%,37.6,37.1,7124800,2022-07-15
BWA,"Borgwarner Inc",33.65,0.61,+1.85%,33.79,32.77,2099200,2022-07-15
BXP,"Boston Properties",87.39,1.82,+2.13%,87.93,86.54,1609900,2022-07-15
C,"Citigroup Inc",49.98,5.84,+13.23%,50.62,46.19,86566195,2022-07-15
CAG,"Conagra Brands Inc",33.73,0.58,+1.75%,33.88,32.85,5217900,2022-07-15
CAH,"Cardinal Health",55.21,1.16,+2.15%,55.23,54.27,2011700,2022-07-15
CARR,"Carrier Global Corp",36,0.39,+1.10%,36.25,35.56,3423900,2022-07-15
CAT,"Caterpillar Inc",173.38,3.44,+2.02%,173.38,169.2,2282100,2022-07-15
CB,"Chubb Ltd",184.19,0.87,+0.47%,186.49,183.42,2722200,2022-07-15
CBOE,"CBOE Global Markets Inc",118.98,1.05,+0.89%,119.89,118.36,511300,2022-07-15
CBRE,"CBRE Group Inc",77.96,3.07,+4.10%,78.08,75.58,1831400,2022-07-15
CCI,"Crown Castle International Corp",173.4,2.38,+1.39%,175.11,172.06,1558700,2022-07-15
CCL,"Carnival Corp",9.18,0.47,+5.40%,9.19,8.71,44346699,2022-07-15
CDAY,"Ceridian Hcm Holding Inc",49.75,1.49,+3.09%,49.87,48.19,1710800,2022-07-15
CDNS,"Cadence Design Sys",157,2.98,+1.93%,158.09,153.48,1386600,2022-07-15
CDW,"CDW Corp",161.51,2.74,+1.73%,161.69,159.59,511300,2022-07-15
CE,"Celanese Corp",108.74,2.01,+1.88%,110.01,107.47,925100,2022-07-15
CEG,"Constellation Energy Corp",55.66,-2.26,-3.90%,56.65,52.64,5186100,2022-07-15
CF,"Cf Industries Holdings",84.55,3.9,+4.84%,84.83,80.87,2430200,2022-07-15
CFG,"Citizens Financial Group Inc/Ri",36.8,1.87,+5.35%,36.99,35.33,4332500,2022-07-15
CHD,"Church & Dwight Company",95.58,-0.25,-0.26%,96.25,95.05,1274600,2022-07-15
CHRW,"C.H. Robinson Ww",98.48,2.91,+3.04%,98.94,96.18,1424700,2022-07-15
CHTR,"Charter Communicatio",476.6,7.85,+1.67%,480.42,473.11,859800,2022-07-15
CI,"Cigna Corp",274.11,9.2,+3.47%,274.38,267.29,1880600,2022-07-15
CINF,"Cincinnati Financial",112.38,1.26,+1.13%,113.8,111.3,4352000,2022-07-15
CL,"Colgate-Palmolive Company",78.15,-0.19,-0.24%,78.99,77.96,4830500,2022-07-15
CLX,"Clorox Company",148.67,1.15,+0.78%,149.02,146.26,1074500,2022-07-15
CMA,"Comerica Inc",74.73,3.21,+4.49%,74.82,72.22,1185400,2022-07-15
CMCSA,"Comcast Corp A",40.9,1.32,+3.34%,40.93,39.89,22142699,2022-07-15
CME,"CME Group Inc",201.94,2.41,+1.21%,202.29,198.77,1760300,2022-07-15
CMG,"Chipotle Mexican Grill",1299.99,34.15,+2.70%,1306.78,1277,207700,2022-07-15
CMI,"Cummins Inc",196.36,1.53,+0.79%,198.88,195.3,2874400,2022-07-15
CMS,"Cms Energy Corp",66.2,0.41,+0.62%,66.41,65.25,1210700,2022-07-15
CNC,"Centene Corp",89.66,3.9,+4.55%,89.84,86.86,3544200,2022-07-15
CNP,"Centerpoint Energy Inc",29.61,0.49,+1.68%,29.64,28.88,3708800,2022-07-15
COF,"Capital One Financial Corp",108.15,4.7,+4.54%,108.98,104.38,4156600,2022-07-15
COO,"Cooper Companies",293.51,5.01,+1.74%,294.21,287.7,314400,2022-07-15
COP,Conocophillips,82.89,1.28,+1.57%,83.94,81.82,5898900,2022-07-15
COST,"Costco Wholesale",522.95,11.01,+2.15%,524.8,515.78,4265000,2022-07-15
CPB,"Campbell Soup Company",48.73,-0.32,-0.65%,49.44,48.53,1662600,2022-07-15
CPRT,"Copart Inc",115.99,2.93,+2.59%,116.51,113.77,1793600,2022-07-15
CPT,"Camden Property Trust",132.08,1.58,+1.21%,133.05,130.94,487700,2022-07-15
CRL,"Charles River Laboratories Intl",219.75,9.32,+4.43%,221.04,212,443300,2022-07-15
CRM,"Salesforce Inc",167.38,6.34,+3.94%,167.61,162.22,6037600,2022-07-15
CSCO,"Cisco Systems Inc",43.07,0.74,+1.75%,43.13,42.5,19897799,2022-07-15
CSX,"CSX Corp",28.86,0.68,+2.41%,28.94,28.57,15870800,2022-07-15
CTAS,"Cintas Corp",388.28,1.15,+0.30%,393.31,385.76,786000,2022-07-15
CTLT,"Catalent Inc",103.17,2.97,+2.96%,103.2,100.36,970800,2022-07-15
CTRA,"Coterra Energy Inc",26.92,0.61,+2.32%,26.95,26.05,6229100,2022-07-15
CTSH,"Cognizant Tech Sol",65.86,1.4,+2.17%,65.91,64.72,7912900,2022-07-15
CTVA,"Corteva Inc",52,0.51,+0.99%,52.49,51.62,2589600,2022-07-15
CTXS,"Citrix Systems Inc",102.53,0.18,+0.18%,102.99,102.4,1139500,2022-07-15
CVS,"CVS Corp",95.37,2.54,+2.74%,95.82,93.69,4310900,2022-07-15
CVX,"Chevron Corp",137.65,1.71,+1.26%,138.96,136.43,7051900,2022-07-15
CZR,"Caesars Entertainment Inc",37.65,2.26,+6.39%,38.08,35.38,4735700,2022-07-15
D,"Dominion Resources",79.2,0.43,+0.55%,79.48,78.03,2851300,2022-07-15
DAL,"Delta Air Lines Inc",30.09,0.32,+1.07%,30.43,29.54,13055000,2022-07-15
DD,"Dupont Denemours Inc",54.6,1.11,+2.08%,54.83,53.53,2959800,2022-07-15
DE,"Deere & Company",297.7,3.37,+1.14%,299.64,293.18,1184400,2022-07-15
DFS,"Discover Financial Services",104.01,4.7,+4.73%,104.01,100.6,2364500,2022-07-15
DG,"Dollar General Corp",244.14,-4.21,-1.70%,251.35,242.89,2793400,2022-07-15
DGX,"Quest Diagnostics Inc",135.86,2.63,+1.97%,135.96,133.44,620900,2022-07-15
DHI,"D.R. Horton",73.46,0.82,+1.13%,74.38,71.64,2651400,2022-07-15
DHR,"Danaher Corp",255.78,7.72,+3.11%,257.12,250.66,4100900,2022-07-15
DIS,"Walt Disney Company",95.2,3.36,+3.66%,95.32,92.7,14946699,2022-07-15
DISH,"Dish Network Corp",17.75,0.61,+3.56%,17.77,16.92,3101700,2022-07-15
DLR,"Digital Realty Trust",120.98,-0.05,-0.04%,123.16,120.22,1378000,2022-07-15
DLTR,"Dollar Tree Inc",167.96,-0.8,-0.47%,171.7,167.19,2145900,2022-07-15
DOV,"Dover Corp",120.53,2.6,+2.20%,121.44,119.08,1087100,2022-07-15
DOW,"Dow Inc",49.55,0.65,+1.33%,50.24,49.17,4810100,2022-07-15
DPZ,"Domino's Pizza Inc",406.6,7.45,+1.87%,406.91,399.55,411600,2022-07-15
DRE,"Duke Realty Corp",57.03,1.44,+2.59%,57.2,55.79,2013500,2022-07-15
DRI,"Darden Restaurants",117.09,0.93,+0.80%,118.72,116.48,1002900,2022-07-15
DTE,"Dte Energy Company",125.18,0.67,+0.54%,125.61,123.36,869500,2022-07-15
DUK,"Duke Energy Corp",107.43,0.48,+0.45%,107.64,106.18,2244100,2022-07-15
DVA,"Davita Healthcare Partners Inc",85.47,2.84,+3.44%,85.85,83.48,724900,2022-07-15
DVN,"Devon Energy Corp",52.71,1.29,+2.51%,52.96,51.37,8048500,2022-07-15
DXC,"Dxc Technology Company",28.74,0.79,+2.83%,28.82,27.96,988200,2022-07-15
DXCM,"Dexcom Inc",79.14,2.64,+3.45%,79.57,77.32,2146800,2022-07-15
EA,"Electronic Arts Inc",123.16,0.87,+0.71%,124.12,122.72,1244600,2022-07-15
EBAY,"Ebay Inc",43.61,1.58,+3.76%,43.96,42.85,6407200,2022-07-15
ECL,"Ecolab Inc",155.18,1.47,+0.96%,156.77,154.36,981500,2022-07-15
ED,"Consolidated Edison Company",93.4,0.56,+0.60%,93.61,92.21,2464000,2022-07-15
EFX,"Equifax Inc",192.42,3,+1.58%,193.18,189.94,459600,2022-07-15
EIX,"Edison International",61.56,0.27,+0.44%,61.83,60.75,1128000,2022-07-15
EL,"Estee Lauder Companies",245.54,1.56,+0.64%,248.05,244.57,791700,2022-07-15
ELV,"Elevance Health Inc",488.92,22.53,+4.83%,490.48,474.99,1035300,2022-07-15
EMN,"Eastman Chemical Company",88.67,2.13,+2.46%,88.95,87,810700,2022-07-15
EMR,"Emerson Electric Company",79.6,1.93,+2.48%,79.68,78.18,2675600,2022-07-15
ENPH,"Enphase Energy Inc",194.91,-2.01,-1.02%,195.18,175,6620200,2022-07-15
EOG,"Eog Resources",97.28,2.16,+2.27%,97.7,95.33,3799300,2022-07-15
EPAM,"Epam Systems Inc",302.56,4.53,+1.52%,308.38,299.44,321300,2022-07-15
EQIX,"Equinix Inc",619.75,7.82,+1.28%,628.25,614.47,442600,2022-07-15
EQR,"Equity Residential",71.32,1.27,+1.81%,71.66,70.27,1134600,2022-07-15
ES,"Eversource Energy",83.66,0.18,+0.22%,84.02,82.7,936600,2022-07-15
ESS,"Essex Property Trust",265.45,4.17,+1.60%,266.84,261.78,341200,2022-07-15
ETN,"Eaton Corp",128.99,3.95,+3.16%,129.48,125.51,1956400,2022-07-15
ETR,"Entergy Corp",110.12,0.37,+0.34%,110.63,108.49,767000,2022-07-15
ETSY,"Etsy Inc",82.5,2.77,+3.47%,83.21,78.33,4152700,2022-07-15
EVRG,"Evergy Inc",65.04,0.22,+0.34%,65.3,64.07,896000,2022-07-15
EW,"Edwards Lifesciences Corp",99.43,2.52,+2.60%,99.94,98.24,1943800,2022-07-15
EXC,"Exelon Corp",44.23,0.08,+0.18%,44.6,43.63,4905200,2022-07-15
EXPD,"Expeditors Intl",96.83,1.91,+2.01%,97.07,95.61,5655200,2022-07-15
EXPE,"Expedia Group Inc",92.35,2.92,+3.27%,93.6,90.19,2326000,2022-07-15
EXR,"Extra Space Storage Inc",169.57,2.1,+1.25%,171.4,167.66,403500,2022-07-15
F,"Ford Motor Company",11.88,0.49,+4.30%,11.9,11.49,49306902,2022-07-15
FANG,"Diamondback Energy",109.14,2.43,+2.28%,109.79,107.1,1941300,2022-07-15
FAST,"Fastenal Company",48.04,0.7,+1.48%,48.31,47.49,4462200,2022-07-15
FBHS,"Fortune Brands Home & Security",62.89,1.13,+1.83%,63.04,61.14,850000,2022-07-15
FCX,"Freeport-Mcmoran Inc",25.82,0.73,+2.91%,26.13,24.88,29197398,2022-07-15
FDS,"Factset Research Systems Inc",399.98,3.52,+0.89%,404.1002,397.54,172500,2022-07-15
FDX,"Fedex Corp",217.83,3.54,+1.65%,218.72,215.01,1260700,2022-07-15
FE,"Firstenergy Corp",37.47,0.1,+0.27%,37.7,37.08,1817700,2022-07-15
FFIV,"F5 Inc",148.33,3.48,+2.40%,148.97,145.48,453300,2022-07-15
FIS,"Fidelity National Information Services",95.22,3.05,+3.31%,95.5,93.52,3335600,2022-07-15
FISV,"Fiserv Inc",94.16,2.5,+2.73%,94.81,93.19,3658700,2022-07-15
FITB,"Fifth Third Bancorp",33.74,1.53,+4.75%,33.91,32.53,5960800,2022-07-15
FLT,"Fleetcor Technologies",209.67,4.25,+2.07%,211.495,207.89,524100,2022-07-15
FMC,"FMC Corp",100.91,0.87,+0.87%,101.99,99.55,782600,2022-07-15
FOX,"Fox Corp Cl B",31.03,1.01,+3.36%,31.06,30.3,642300,2022-07-15
FOXA,"Fox Corp Cl A",33.68,1.17,+3.60%,33.71,32.76,1945400,2022-07-15
FRC,"First Republic Bank",155.8,4.82,+3.19%,158.16,152.71,1484300,2022-07-15
FRT,"Federal Realty Investment Trust",97.07,2.07,+2.18%,97.16,95.45,685100,2022-07-15
FTNT,"Fortinet Inc",60.22,2.58,+4.48%,60.58,58.08,4738200,2022-07-15
FTV,"Fortive Corp",54.9,1.24,+2.31%,55.02,54.06,1143900,2022-07-15
GD,"General Dynamics Corp",212.77,2.32,+1.10%,213.11,210.01,857600,2022-07-15
GE,"General Electric Company",62.86,1.77,+2.90%,62.99,60.99,5851100,2022-07-15
GILD,"Gilead Sciences Inc",62.6,0.79,+1.28%,62.62,61.68,5909000,2022-07-15
GIS,"General Mills",74.92,0.22,+0.29%,75.47,74.66,3177100,2022-07-15
GL,"Globe Life Inc",98.82,1.59,+1.64%,99.23,97.82,448800,2022-07-15
GLW,"Corning Inc",33.2,1.21,+3.78%,33.29,32.24,4126700,2022-07-15
GM,"General Motors Company",32.87,1.28,+4.05%,32.92,31.71,12982900,2022-07-15
GNRC,"Generac Holdings Inc",215.06,6.46,+3.10%,215.46,201.85,833400,2022-07-15
GOOG,"Alphabet Cl C",2255.34,26.54,+1.19%,2280.01,2236.45,1716500,2022-07-15
GOOGL,"Alphabet Cl A",2235.55,28.2,+1.28%,2262.81,2218,2338400,2022-07-15
GPC,"Genuine Parts Company",138.54,1.85,+1.35%,138.88,137.14,579000,2022-07-15
GPN,"Global Payments Inc",114.8,3.47,+3.12%,116.65,113,1645500,2022-07-15
GRMN,"Garmin Ltd",99.9,1.94,+1.98%,100.97,98.45,5253500,2022-07-15
GS,"Goldman Sachs Group",293.87,12.28,+4.36%,296.43,285.15,3457600,2022-07-15
GWW,"W.W. Grainger",457.4,1.05,+0.23%,463.56,455.63,314200,2022-07-15
HAL,"Halliburton Company",27.86,0.52,+1.90%,28.03,27.19,10278700,2022-07-15
HAS,"Hasbro Inc",79.21,-0.18,-0.23%,80.09,77.79,1508900,2022-07-15
HBAN,"Huntington Bcshs",12.51,0.62,+5.21%,12.58,12.03,12764100,2022-07-15
HCA,"Hca Holdings Inc",171.61,4.12,+2.46%,171.78,167.64,1192700,2022-07-15
HD,"Home Depot",292.41,2.93,+1.01%,295.45,290.95,2647100,2022-07-15
HES,"Hess Corp",95.21,1.02,+1.08%,96.65,94,1368600,2022-07-15
HIG,"Hartford Financial Services Group",62.99,1.35,+2.19%,63.36,62.25,2009100,2022-07-15
HII,"Huntington Ingalls Industries",204.63,0.47999999999999,+0.24%,207.28,203.39,229000,2022-07-15
HLT,"Hilton Inc",116.34,3.03,+2.67%,117.09,114.08,2191600,2022-07-15
HOLX,"Hologic Inc",70.59,1.2,+1.73%,70.96,69.55,1671400,2022-07-15
HON,"Honeywell International Inc",172.8,3.29,+1.94%,172.95,170.13,2188600,2022-07-15
HPE,"Hewlett Packard Enterprise Comp",13.27,0.26,+2.00%,13.28,12.97,7955700,2022-07-15
HPQ,"HP Inc",31.66,0.48,+1.54%,31.73,31.32,7103600,2022-07-15
HRL,"Hormel Foods Corp",47.79,-0.3,-0.62%,48.35,47.58,928300,2022-07-15
HSIC,"Henry Schein Inc",76.53,1.34,+1.78%,76.93,75.86,545400,2022-07-15
HST,"Host Marriott Financial Trust",15.96,0.25,+1.59%,16.11,15.67,7509600,2022-07-15
HSY,"Hershey Foods Corp",216.8,-1.07,-0.49%,219.2,216.02,703000,2022-07-15
HUM,"Humana Inc",487.54,14.94,+3.16%,489.41,478.28,2043800,2022-07-15
HWM,"Howmet Aerospace Inc",33.32,0.27,+0.82%,33.78,33.1,2074500,2022-07-15
IBM,"International Business Machines",139.92,0.86,+0.62%,140.68,138.61,4519300,2022-07-15
ICE,"Intercontinental Exchange",95.83,2.21,+2.36%,95.98,94.79,3338200,2022-07-15
IDXX,"Idexx Laboratories",370.14,4.08,+1.11%,376.34,368.42,470700,2022-07-15
IEX,"Idex Corp",186.26,4.9,+2.70%,187.32,183.23,412100,2022-07-15
IFF,"International Flavors & Fragrances",115.98,2.82,+2.49%,116.25,113.14,784000,2022-07-15
ILMN,"Illumina Inc",189.21,11.98,+6.76%,190.41,177.62,1839000,2022-07-15
INCY,"Incyte Corp",80.03,0.4,+0.50%,80.34,78.27,6471300,2022-07-15
INTC,"Intel Corp",38.62,0.91,+2.41%,38.67,37.73,32892199,2022-07-15
INTU,"Intuit Inc",392.96,13.09,+3.45%,394.44,382.67,1520700,2022-07-15
IP,"International Paper Company",41.92,0.14,+0.34%,42.44,41.74,2211000,2022-07-15
IPG,"Interpublic Group of Companies",28.02,0.52,+1.89%,28.1,27.56,2783900,2022-07-15
IQV,"Iqvia Holdings Inc",219.08,7.08,+3.34%,219.13,214.07,1016700,2022-07-15
IR,"Ingersoll Rand Inc",41,1.15,+2.89%,41.25,40.2,3678100,2022-07-15
IRM,"Iron Mountain Inc",44.84,0.13,+0.29%,45.51,44.53,2306800,2022-07-15
ISRG,"Intuitive Surg Inc",210.92,6.61,+3.24%,211.17,207.37,2231000,2022-07-15
IT,"Gartner Inc",240.69,4.89,+2.07%,241.65,237.73,338800,2022-07-15
ITW,"Illinois Tool Works Inc",180.62,4.65,+2.64%,181.16,177.07,858100,2022-07-15
IVZ,"Invesco Plc",16.24,0.58,+3.70%,16.36,15.59,3239100,2022-07-15
J,"Jacobs Engineering Group Inc",125.45,1.42,+1.14%,126.02,124.07,318000,2022-07-15
JBHT,"J B Hunt Transport",167.58,2.03,+1.23%,170.63,167.15,897200,2022-07-15
JCI,"Johnson Controls Intl",46.91,0.61,+1.32%,47.42,46.52,4219400,2022-07-15
JKHY,"Jack Henry & Assoc",189.98,3.98,+2.14%,190.1,186.71,287400,2022-07-15
JNJ,"Johnson & Johnson",178.23,2.55,+1.45%,178.51,176.55,5691000,2022-07-15
JNPR,"Juniper Networks",28.52,0.49,+1.75%,28.56,28.12,2350700,2022-07-15
JPM,"JP Morgan Chase & Company",112.95,4.95,+4.58%,113.88,107.67,18863801,2022-07-15
K,"Kellogg Company",72.45,-0.41,-0.56%,73.24,72.16,2229000,2022-07-15
KDP,"Keurig Dr Pepper Inc",36.63,0.24,+0.66%,36.88,36.28,6345500,2022-07-15
KEY,Keycorp,17.52,0.89,+5.35%,17.61,16.82,8562400,2022-07-15
KEYS,"Keysight Technologies Inc Comm",143.59,5.02,+3.62%,143.65,139.52,881600,2022-07-15
KHC,"Kraft Heinz Company",38.01,-0.75,-1.93%,39.07,37.83,7687200,2022-07-15
KIM,"Kimco Realty Corp",20.12,0.64,+3.29%,20.32,19.6,3732500,2022-07-15
KLAC,"K L A-Tencor Corp",326.23,7.14,+2.24%,326.27,316.64,1238400,2022-07-15
KMB,"Kimberly-Clark Corp",134.68,-0.45,-0.33%,135.81,134.06,1050400,2022-07-15
KMI,"Kinder Morgan",16.76,0.18,+1.09%,16.91,16.55,10042700,2022-07-15
KMX,"Carmax Inc",91.55,2.44,+2.74%,92.6,89.75,1070000,2022-07-15
KO,"Coca-Cola Company",62.5,0.32,+0.51%,62.97,62.07,21968398,2022-07-15
KR,"Kroger Company",47.75,0.25,+0.53%,48.07,47.53,3684700,2022-07-15
L,"Loews Corp",56.45,0.84,+1.51%,56.82,56.01,795900,2022-07-15
LDOS,"Leidos Holdings Inc",98.69,0.48,+0.49%,99.59,98.34,872700,2022-07-15
LEN,"Lennar Corp",78.09,0.55,+0.71%,79.42,76.48,1910200,2022-07-15
LH,"Laboratory Corp of America Holdings",244.51,4.14,+1.72%,245.21,240.28,579000,2022-07-15
LHX,"L3Harris Technologies Inc",223.84,1.93,+0.87%,225.85,221.68,1106100,2022-07-15
LIN,"Linde Plc",276.98,7.97,+2.96%,276.98,273.26,2370100,2022-07-15
LKQ,"LKQ Corp",49.95,0.2,+0.40%,50.64,49.36,1770300,2022-07-15
LLY,"Eli Lilly and Company",331.6,4.71,+1.44%,335.33,328.17,3340300,2022-07-15
LMT,"Lockheed Martin Corp",398.38,-1.93,-0.48%,403.71,397.81,1223200,2022-07-15
LNC,"Lincoln National Corp",47.06,1.45,+3.18%,47.37,45.77,1503000,2022-07-15
LNT,"Alliant Energy Corp",58.16,0.28,+0.48%,58.34,57.34,841000,2022-07-15
LOW,"Lowe's Companies",185,2.34,+1.28%,186.14,183.96,2901400,2022-07-15
LRCX,"Lam Research Corp",427.13,7.81,+1.86%,427.39,412.01,1337500,2022-07-15
LUMN,Centurylink,10.77,0.14,+1.32%,10.84,10.59,6768900,2022-07-15
LUV,"Southwest Airlines Company",39.58,1.12,+2.91%,39.72,38.37,5121500,2022-07-15
LVS,"Las Vegas Sands",34.53,0.28,+0.82%,35.26,33.8,7427000,2022-07-15
LW,"Lamb Weston Holdings Inc",73.6,-0.35,-0.47%,74.82,72.74,1046400,2022-07-15
LYB,"Lyondellbasell Industries NV",84.74,1.14,+1.36%,86.21,83.51,1364400,2022-07-15
LYV,"Live Nation Entertainment",84.48,2.53,+3.09%,85.06,82.34,846700,2022-07-15
MA,"Mastercard Inc",332.57,7.54,+2.32%,335.57,329.76,3387400,2022-07-15
MAA,"Mid-America Apartment Communities",167.49,2.2,+1.33%,168.88,165.8,488300,2022-07-15
MAR,"Marriot Int Cl A",143.35,2.57,+1.83%,144.44,141.65,2072300,2022-07-15
MAS,"Masco Corp",53.6,0.53,+1.00%,53.96,52.69,1641800,2022-07-15
MCD,"McDonald's Corp",255.01,2.41,+0.95%,256.39,253.45,2627200,2022-07-15
MCHP,"Microchip Technology",62.38,1.45,+2.38%,62.46,60.59,3924800,2022-07-15
MCK,"Mckesson Corp",330,3.51,+1.08%,330.86,327.55,763600,2022-07-15
MCO,"Moody's Corp",281.61,6.41,+2.33%,281.66,278.36,937400,2022-07-15
MDLZ,"Mondelez Intl Inc",60.74,-0.14,-0.23%,61.63,60.38,6310200,2022-07-15
MDT,"Medtronic Inc",89.12,1.61,+1.84%,89.29,88.07,5587900,2022-07-15
MET,"Metlife Inc",59.03,1.12,+1.93%,59.44,57.81,3918100,2022-07-15
META,"Meta Platforms Inc",164.7,6.65,+4.21%,164.98,159.82,23342799,2022-07-15
MGM,"MGM Resorts International",29.23,0.8,+2.81%,29.42,28.43,3601600,2022-07-15
MHK,"Mohawk Industries",124.61,0,0.00%,126.65,121.69,640200,2022-07-15
MKC,"Mccormick & Company",81.74,-0.69,-0.84%,82.92,81.48,1299900,2022-07-15
MKTX,"Marketaxess Holdings",266.57,6.27,+2.41%,267.39,260.22,256500,2022-07-15
MLM,"Martin Marietta Materials",314.96,2.74,+0.88%,317.22,311.35,306400,2022-07-15
MMC,"Marsh & Mclennan Companies",150.98,1.95,+1.31%,151.72,149.98,4594100,2022-07-15
MMM,"3M Company",130.13,1.82,+1.42%,130.34,128.25,2638600,2022-07-15
MNST,"Monster Beverage Cp",97.15,-0.6,-0.61%,98.95,96.28,6425200,2022-07-15
MO,"Altria Group",41.99,0.36,+0.86%,42.28,41.54,14308899,2022-07-15
MOH,"Molina Healthcare Inc",298.89,13.82,+4.85%,299.38,286.69,454200,2022-07-15
MOS,"Mosaic Company",45.02,1.35,+3.09%,45.28,43.79,4525900,2022-07-15
MPC,"Marathon Petroleum Corp",84.42,3.74,+4.64%,84.5,81.68,4706300,2022-07-15
MPWR,"Monolithic Power Sys",410.25,14.27,+3.60%,412.52,398.22,403700,2022-07-15
MRK,"Merck & Company",94.96,1.08,+1.15%,95.35,94.37,9731801,2022-07-15
MRNA,"Moderna Inc",166.91,6.99,+4.37%,167,155.93,4272900,2022-07-15
MRO,"Marathon Oil Corp",20.85,0.44,+2.16%,20.93,20.37,11746900,2022-07-15
MS,"Morgan Stanley",78.05,3.36,+4.50%,78.76,75.66,11663801,2022-07-15
MSCI,"MSCI Inc",418.87,8.76,+2.14%,422.56,415.18,584800,2022-07-15
MSFT,"Microsoft Corp",256.72,2.64,+1.04%,260.37,254.77,29774000,2022-07-15
MSI,"Motorola Solutions",215.02,5.25,+2.50%,215.09,211.37,502600,2022-07-15
MTB,"M&T Bank Corp",156.21,5.64,+3.75%,157.01,151.88,803200,2022-07-15
MTCH,"Match Group Inc",65.24,1.24,+1.94%,65.88,63.33,3362600,2022-07-15
MTD,"Mettler-Toledo International",1158.96,20.74,+1.82%,1168.11,1143.5601,94800,2022-07-15
MU,"Micron Technology",61.53,2.18,+3.67%,61.7,59.4,20317699,2022-07-15
NCLH,"Norwegian Cruise Ord",11.8,0.62,+5.55%,11.85,11.18,15987500,2022-07-15
NDAQ,"Nasdaq Inc",157.07,3.55,+2.31%,157.09,154.3,643000,2022-07-15
NDSN,"Nordson Corp",207.67,5,+2.47%,208.47,204.57,171400,2022-07-15
NEE,"Nextera Energy",78.71,-1.42,-1.77%,78.85,76.33,8780500,2022-07-15
NEM,"Newmont Mining Corp",54.73,-0.26,-0.47%,55.78,53.92,6697500,2022-07-15
NFLX,"Netflix Inc",189.11,14.33,+8.20%,189.22,174.56,16319101,2022-07-15
NI,"NiSource Inc",28.78,0.07,+0.24%,28.97,28.41,3497400,2022-07-15
NKE,"Nike Inc",104.7,1.48,+1.43%,105.61,103.93,7862000,2022-07-15
NLOK,"Nortonlifelock Inc",23.52,0.15,+0.64%,23.85,23.45,6225900,2022-07-15
NLSN,"Nielsen Holdings Plc",23.37,0.42,+1.83%,23.45,23,1958200,2022-07-15
NOC,"Northrop Grumman Corp",461.2,2.21,+0.48%,463.18,455.01,1451900,2022-07-15
NOW,"Servicenow Inc",435.62,14.65,+3.48%,440.76,427.59,2157500,2022-07-15
NRG,"NRG Energy",35.98,-0.28,-0.77%,36.71,35.69,4743800,2022-07-15
NSC,"Norfolk Southern Corp",227.89,6.19,+2.79%,230.3,225.45,3217800,2022-07-15
NTAP,"Netapp Inc",65.95,0.96,+1.48%,66.06,64.95,1330700,2022-07-15
NTRS,"Northern Trust Corp",99.28,4.76,+5.04%,100.03,95.48,1568300,2022-07-15
NUE,"Nucor Corp",110.32,1.95,+1.80%,110.45,107.61,1715600,2022-07-15
NVDA,"Nvidia Corp",157.62,3.9,+2.54%,157.82,154.45,38593500,2022-07-15
NVR,"NVR Inc",4363.43,1.9,+0.04%,4410.37,4313.76,17300,2022-07-15
NWL,"Newell Rubbermaid Inc",19,0.09,+0.48%,19.38,18.89,2312600,2022-07-15
NWS,"News Cp Cl B",16.02,0.51,+3.29%,16.03,15.61,381500,2022-07-15
NWSA,"News Cp Cl A",15.73,0.49,+3.22%,15.74,15.32,2103300,2022-07-15
NXPI,"Nxp Semiconductors",163.98,4.16,+2.60%,165.09,160.09,2681700,2022-07-15
O,"Realty Income Corp",70.31,1.86,+2.72%,70.42,68.84,3803600,2022-07-15
ODFL,"Old Dominion Freight Line Inc",255.31,4.41,+1.76%,258.82,252.88,728800,2022-07-15
OGN,"Organon & CO",31.97,0.12,+0.38%,32.22,31.44,1336600,2022-07-15
OKE,"Oneok Inc",55.7,0.85,+1.55%,56.11,54.97,1963500,2022-07-15
OMC,"Omnicom Group Inc",64.99,1.78,+2.82%,65.02,63.83,1232700,2022-07-15
ON,"On Semiconductor",56.07,2.02,+3.74%,56.11,53.58,7055100,2022-07-15
ORCL,"Oracle Corp",70.74,1.29,+1.86%,70.87,70,5134100,2022-07-15
ORLY,"O'Reilly Automotive",683.2,9.42,+1.40%,683.98,674.28,390100,2022-07-15
OTIS,"Otis Worldwide Corp",69.51,0.52,+0.75%,70.15,69.26,3010000,2022-07-15
OXY,"Occidental Petroleum Corp",58.71,1.48,+2.59%,58.78,57.1,18944500,2022-07-15
PARA,"Paramount Global Cl B",25,0.88,+3.65%,25.02,24.29,6640700,2022-07-15
PAYC,"Paycom Software Inc",301.83,11.09,+3.81%,302.45,292.27,323300,2022-07-15
PAYX,"Paychex Inc",115,1.86,+1.64%,115.24,114.06,1613300,2022-07-15
PCAR,"Paccar Inc",80.05,0.97,+1.23%,80.45,78.89,6313600,2022-07-15
PEAK,"Healthpeak Properties Inc",26.22,0.39,+1.51%,26.41,25.83,3004900,2022-07-15
PEG,"Public Service Enterprise Group Inc",60.55,0.21,+0.35%,60.88,59.71,3829300,2022-07-15
PENN,"Penn Natl Gaming Inc",31.4,2.25,+7.72%,31.54,29.43,3686000,2022-07-15
PEP,"Pepsico Inc",171.12,0.14,+0.08%,172.92,170.02,4659000,2022-07-15
PFE,"Pfizer Inc",51.75,0.36,+0.70%,51.91,50.43,19885699,2022-07-15
PFG,"Principal Financial Group Inc",62.69,1.56,+2.55%,62.85,61.07,1497000,2022-07-15
PG,"Procter & Gamble Company",145.07,-0.2,-0.14%,145.7,144.1,6264500,2022-07-15
PGR,"Progressive Corp",116.08,3.75,+3.34%,116.72,113.74,7515700,2022-07-15
PH,"Parker-Hannifin Corp",248.36,3.7,+1.51%,251.3,246.49,2553600,2022-07-15
PHM,Pultegroup,43.95,0.15,+0.34%,44.75,42.97,1775900,2022-07-15
PKG,"Packaging Corp of America",135.8,0.36,+0.27%,137.58,135.28,475900,2022-07-15
PKI,Perkinelmer,135.15,1.47,+1.10%,136.67,132,823900,2022-07-15
PLD,"Prologis Inc",121.01,2.88,+2.44%,121.51,118.55,2726600,2022-07-15
PM,"Philip Morris International Inc",90.18,0.56,+0.62%,91.22,89.82,5170900,2022-07-15
PNC,"PNC Bank",153.42,2.46,+1.63%,154.15,146.39,4838700,2022-07-15
PNR,"Pentair Ltd",46.21,1.01,+2.23%,46.64,45.45,869300,2022-07-15
PNW,"Pinnacle West Capital Corp",70.74,0.32,+0.45%,71,69.39,803300,2022-07-15
POOL,"Pool Corp",373.85,4.84,+1.31%,376.2,370.29,289000,2022-07-15
PPG,"PPG Industries",116.8,1.96,+1.71%,117.57,115.24,908300,2022-07-15
PPL,"PPL Corp",27.53,0.41,+1.51%,27.53,27.02,5039900,2022-07-15
PRU,"Prudential Financial Inc",92.33,1.89,+2.09%,92.92,90.43,1779400,2022-07-15
PSA,"Public Storage",313.32,6.89,+2.25%,313.99,307.38,734300,2022-07-15
PSX,"Phillips 66",81.64,3.09,+3.93%,81.74,79.2,2792200,2022-07-15
PTC,"Ptc Inc",102.24,1.98,+1.97%,102.32,100.94,497800,2022-07-15
PVH,"Phillips-Van Heusen Corp",56.97,1.85,+3.36%,56.99,55.06,1321100,2022-07-15
PWR,"Quanta Services",128.01,-0.03,-0.02%,130.16,120.39,1401400,2022-07-15
PXD,"Pioneer Natural Resources Company",208.45,3.01,+1.47%,211.15,205.92,1792700,2022-07-15
PYPL,"Paypal Holdings",73.91,4.36,+6.27%,74,70.25,14155200,2022-07-15
QCOM,"Qualcomm Inc",144.37,2.47,+1.74%,145.48,142.03,11880399,2022-07-15
QRVO,"Qorvo Inc",100.18,1.79,+1.82%,100.22,97.71,1301400,2022-07-15
RCL,"Royal Caribbean Cruises Ltd",32.76,1.48,+4.73%,32.78,31.1,5724500,2022-07-15
RE,"Everest Re Group",263.18,0.04,+0.02%,266.32,262.23,229900,2022-07-15
REG,"Regency Centers Corp",60.2,1.47,+2.50%,60.26,59.02,686700,2022-07-15
REGN,"Regeneron Pharmaceuticals",607.54,8.68,+1.45%,607.73,596.24,516300,2022-07-15
RF,"Regions Financial Corp",19.19,0.95,+5.21%,19.26,18.44,7459200,2022-07-15
RHI,"Robert Half International Inc",76.66,0.72,+0.95%,76.69,74.47,972500,2022-07-15
RJF,"Raymond James Financial",90.18,2.88,+3.30%,90.93,87.93,900700,2022-07-15
RL,"Ralph Lauren Corp",93.01,0.42,+0.45%,94.4,91.72,771500,2022-07-15
RMD,"Resmed Inc",225.5,3.58,+1.61%,226.07,221.9,574300,2022-07-15
ROK,"Rockwell Automation Inc",206.35,6.67,+3.34%,207.32,200.98,1041900,2022-07-15
ROL,"Rollins Inc",35.6,0.44,+1.25%,35.8,35.41,882400,2022-07-15
ROP,"Roper Industries",395.15,7.01,+1.81%,397.23,391.53,489000,2022-07-15
ROST,"Ross Stores Inc",77.98,1.01,+1.31%,78.62,77.57,2875700,2022-07-15
RSG,"Republic Services",129,0.63,+0.49%,129.95,127.96,686500,2022-07-15
RTX,"Raytheon Technologies Corp",91.23,1.15,+1.28%,91.46,90.3,3965300,2022-07-15
SBAC,"SBA Communications",320.75,2.74,+0.86%,325.33,319.42,461000,2022-07-15
SBNY,"Signature Bank",191.57,8.23,+4.49%,192.52,183.51,733900,2022-07-15
SBUX,"Starbucks Corp",79.62,1.42,+1.82%,80.21,78.61,5584100,2022-07-15
SCHW,"The Charles Schwab Corp",62.18,1.61,+2.66%,62.53,60.94,7219700,2022-07-15
SEDG,"Solaredge Tech",265.85,-3.17,-1.18%,266.36,245.26,1309100,2022-07-15
SEE,"Sealed Air Corp",56.62,0.34999999999999,+0.62%,57.15,56.27,694100,2022-07-15
SHW,"Sherwin-Williams Company",245.57,1.13,+0.46%,249.06,243.81,1109500,2022-07-15
SIVB,"Svb Financial Group",408.62,15.48,+3.94%,412.33,396.04,594000,2022-07-15
SJM,"J.M. Smucker Company",131.79,-1,-0.75%,133.38,131.19,500600,2022-07-15
SLB,"Schlumberger N.V.",32.3,0.97,+3.10%,32.36,31.34,10672601,2022-07-15
SNA,"Snap-On Inc",197.87,1.83,+0.93%,199.24,196.13,193800,2022-07-15
SNPS,"Synopsys Inc",314.3,9.28,+3.04%,314.98,307.9,832500,2022-07-15
SO,"Southern Company",72.33,0.47,+0.65%,72.49,71.44,4975600,2022-07-15
SPG,"Simon Property Group",96.36,2.36,+2.51%,96.75,94.75,2034600,2022-07-15
SPGI,"S&P Global Inc",349.45,4.28,+1.24%,351.91,347.77,1750500,2022-07-15
SRE,Sempra,151.24,3.23,+2.18%,151.63,146.73,2653700,2022-07-15
STE,"Steris Corp",209.26,2.47,+1.19%,210.77,208,363300,2022-07-15
STT,"State Street Corp",65.67,5.83,+9.74%,66.83,60.79,8351801,2022-07-15
STX,"Seagate Technology Hldgs Plc",77.58,2,+2.65%,77.92,75.37,1985300,2022-07-15
STZ,"Constellation Brands Inc",244.54,-6.43,-2.56%,246.1,239.77,1722100,2022-07-15
SWK,"Stanley Black & Decker Inc",107.13,1.02,+0.96%,107.99,105.28,848200,2022-07-15
SWKS,"Skyworks Solutions",101.06,1.64,+1.65%,101.18,98.74,1666900,2022-07-15
SYF,"Synchrony Financial",31.39,1.41,+4.70%,31.57,30.42,7605300,2022-07-15
SYK,"Stryker Corp",194.76,2.38,+1.24%,196.32,193.32,1904000,2022-07-15
SYY,"Sysco Corp",87.62,0.88,+1.01%,88.24,87.33,1846500,2022-07-15
T,"AT&T Inc",20.57,0.24,+1.18%,20.59,20.21,23838000,2022-07-15
TAP,"Molson Coors Brewing Company",58.64,0.46,+0.79%,58.94,57.97,1703800,2022-07-15
TDG,"Transdigm Group Inc",538.16,3.55,+0.66%,547.55,536.72,199500,2022-07-15
TDY,"Teledyne Technologies Inc",382.03,9.41,+2.53%,382.99,375,221800,2022-07-15
TECH,"Bio-Techne Cp",344.35,2.96,+0.87%,345.71,329.06,345400,2022-07-15
TEL,"Te Connectivity Ltd",115.66,3.24,+2.88%,115.67,113,1029500,2022-07-15
TER,"Teradyne Inc",93.75,1.84,+2.00%,93.77,91.02,1100800,2022-07-15
TFC,"Truist Financial Corp",47.41,2.21,+4.89%,47.56,45.6,6939500,2022-07-15
TFX,"Teleflex Inc",244.14,5.05,+2.11%,246.765,241.468,316600,2022-07-15
TGT,"Target Corp",146.67,0.38,+0.26%,148.68,145.85,3831400,2022-07-15
TJX,"TJX Companies",60.56,1.81,+3.08%,60.58,59.39,7248900,2022-07-15
TMO,"Thermo Fisher Scientific Inc",538.87,13.24,+2.52%,540.31,527.29,1672900,2022-07-15
TMUS,"T-Mobile US",137.37,1.71,+1.26%,137.43,135.23,4051500,2022-07-15
TPR,"Tapestry Inc",30.8,-0.3,-0.96%,31.75,30.43,2548400,2022-07-15
TRMB,"Trimble Navigation",58.68,1.71,+3.00%,58.78,57.46,605900,2022-07-15
TROW,"T Rowe Price Group",115.38,3.75,+3.36%,116.03,112.25,1472000,2022-07-15
TRV,"The Travelers Companies Inc",156.18,0.5,+0.32%,158.12,155.51,1561900,2022-07-15
TSCO,"Tractor Supply Company",203.2,1.42,+0.70%,204.29,201.75,976900,2022-07-15
TSLA,"Tesla Inc",720.2,5.26,+0.74%,730.87,710.67,23227600,2022-07-15
TSN,"Tyson Foods",81.93,0.39,+0.48%,82.88,81.71,1920700,2022-07-15
TT,"Trane Technologies Plc",129.56,2.22,+1.74%,131.08,127.96,4404300,2022-07-15
TTWO,"Take-Two Interactive",123.85,1.11,+0.90%,125,123.19,1089000,2022-07-15
TWTR,"Twitter Inc",37.74,1.45,+4.00%,37.77,36.27,14809301,2022-07-15
TXN,"Texas Instruments",160.54,2.69,+1.70%,160.71,157.64,7466100,2022-07-15
TXT,"Textron Inc",60.15,1.09,+1.85%,60.52,59.47,657000,2022-07-15
TYL,"Tyler Technologies",339.12,10.67,+3.25%,339.51,331.48,241300,2022-07-15
UAL,"United Airlines Holdings Inc",38.78,0.93,+2.46%,38.83,37.44,7702400,2022-07-15
UDR,"United Dominion Realty Trust",44.63,0.61,+1.39%,45.27,44.24,2586200,2022-07-15
UHS,"Universal Health Services",103.05,2.78,+2.77%,103.8,100.78,541400,2022-07-15
ULTA,"Ulta Beauty Inc",397.24,11.66,+3.02%,399,387.56,844000,2022-07-15
UNH,"Unitedhealth Group Inc",529.75,27.32,+5.44%,531.99,515.45,5742500,2022-07-15
UNP,"Union Pacific Corp",209.13,3.61,+1.76%,210.85,207.86,3997500,2022-07-15
UPS,"United Parcel Service",182.59,4.31,+2.42%,182.81,180.57,5014100,2022-07-15
URI,"United Rentals",251.84,3.31,+1.33%,254.23,244.2,727800,2022-07-15
USB,"U.S. Bancorp",46.57,2.32,+5.24%,47.01,44.93,8608100,2022-07-15
V,"Visa Inc",210.04,4.13,+2.01%,211.71,207.18,7245600,2022-07-15
VFC,"V.F. Corp",45.45,0.53,+1.18%,45.76,44.91,2058700,2022-07-15
VICI,"Vici Properties Inc",32.49,1.16,+3.70%,32.5,31.71,8523000,2022-07-15
VLO,"Valero Energy Corp",104.59,3.81,+3.78%,104.66,101.42,2791800,2022-07-15
VMC,"Vulcan Materials Company",148.72,1.45,+0.98%,149.62,147.29,429800,2022-07-15
VNO,"Vornado Realty Trust",28.92,0.23,+0.80%,29.34,28.75,2394200,2022-07-15
VRSK,"Verisk Analytics Inc",178.83,2.9,+1.65%,180.2,176.8,897300,2022-07-15
VRSN,"Verisign Inc",177.48,3.49,+2.01%,177.53,175.38,463300,2022-07-15
VRTX,"Vertex Pharmaceutic",292.84,6.69,+2.34%,293.53,284.93,2711700,2022-07-15
VTR,"Ventas Inc",50.74,0.85,+1.70%,51.07,49.72,1575100,2022-07-15
VTRS,"Viatris Inc",9.85,0,0.00%,10.02,9.67,9740500,2022-07-15
VZ,"Verizon Communications Inc",51.02,0.53,+1.05%,51.04,50.35,13021301,2022-07-15
WAB,"Wabtec Corp",83.17,2.6,+3.23%,83.25,81.13,920600,2022-07-15
WAT,"Waters Corp",334.01,5.46,+1.66%,336.385,326.32,418500,2022-07-15
WBA,"Walgreens Boots Alliance",38.03,1.17,+3.17%,38.05,37.04,7469600,2022-07-15
WBD,"Discovery Inc Series A",13.96,0.33,+2.42%,13.99,13.6,17057799,2022-07-15
WDC,"Western Digital Cp",47.41,1.4,+3.04%,47.49,45.72,2275400,2022-07-15
WEC,"Wisconsin Energy Corp",100.75,0.64,+0.64%,100.89,99.25,1174600,2022-07-15
WELL,"Welltower Inc",81.22,1.12,+1.40%,81.48,80.21,2078500,2022-07-15
WFC,"Wells Fargo & Company",41.13,2.39,+6.17%,41.81,39.23,40328301,2022-07-15
WHR,"Whirlpool Corp",159.38,0.12,+0.08%,162.13,157.32,797800,2022-07-15
WM,"Waste Management",152.01,0.94,+0.62%,152.73,150.84,1075400,2022-07-15
WMB,"Williams Companies",31.38,0.23,+0.74%,31.71,30.97,5499300,2022-07-15
WMT,"Walmart Inc",129.07,1.25,+0.98%,130.27,128.05,7061400,2022-07-15
WRB,"W.R. Berkley Corp",63.03,0.81,+1.30%,63.5,62.41,1241800,2022-07-15
WRK,"Westrock Company",39.39,0.45,+1.16%,39.92,38.84,906400,2022-07-15
WST,"West Pharmaceutical Services",300.44,6.07,+2.06%,301.84,293.43,302500,2022-07-15
WTW,"Willis Towers Watson Public Ltd CO",194.9,1.66,+0.86%,197.66,194.68,589600,2022-07-15
WY,"Weyerhaeuser Company",34.78,0.42,+1.22%,35.12,34.57,15032199,2022-07-15
WYNN,"Wynn Resorts Ltd",55.47,1.19,+2.19%,55.74,53.85,2112500,2022-07-15
XEL,"XCEL Energy Inc",69.96,0.65,+0.94%,70.04,68.76,2511400,2022-07-15
XOM,"Exxon Mobil Corp",84.54,1.4,+1.68%,84.88,82.9,17243701,2022-07-15
XRAY,"Dentsply Sirona Inc",34.91,0.71,+2.08%,35.27,34.36,1477700,2022-07-15
XYL,"Xylem Inc",77.28,1.83,+2.43%,77.65,76.08,731800,2022-07-15
YUM,"Yum! Brands",118.15,1.3,+1.11%,119.37,117.82,1301800,2022-07-15
ZBH,"Zimmer Biomet Holdings",103.51,1.86,+1.83%,104.16,102.57,883000,2022-07-15
ZBRA,"Zebra Technologies",297.72,6.92,+2.38%,298.52,291.01,292200,2022-07-15
ZION,"Zions Bancorp",50.63,2.09,+4.31%,50.77,48.95,1097200,2022-07-18
ZTS,"Zoetis Inc Cl A",174.54,3.75,+2.20%,175.21,173.17,2409300,2022-07-15
"Downloaded from Barchart.com as of 07-18-2022 06:13am CDT"
